SN,Latitude,Longitude,Altitude,Heading,Speed
1,24.9721392,121.2571008,131,0,0
2,24.9721407,121.257088,127,97.37,0.18
3,24.9721424,121.2570752,127,98.34,1.57
4,24.9721504,121.2570752,127,180,1.07
5,24.9721711,121.2570624,126,150.73,2.38
6,24.9721792,121.2570624,126,180,1.08
7,24.9721792,121.2570752,126,270,1.55
8,24.972152,121.2571008,126,319.53,4.78
9,24.9721424,121.2571264,126,292.47,3.35
10,24.9721344,121.257152,126,289.02,3.28
11,24.9721248,121.2571776,126,292.47,2.52
12,24.9721152,121.2571776,126,0,0.26
13,24.9721056,121.2571776,126,0,0.96
14,24.972096,121.2571776,126,0,1.28
15,24.9720848,121.2571776,126,0,1.5
16,24.9720464,121.257216,126,317.81,2.6
17,24.9720352,121.2572288,126,313.99,0.43
18,24.972032,121.2572288,126,0,0.43
19,24.97204,121.2572288,126,180,0.32
20,24.9720384,121.257216,125,82.15,1.56
21,24.9720304,121.2571264,124,84.37,10.9
22,24.9719984,121.2569728,123,77.06,19.09
23,24.9719696,121.256832,124,77.28,17.48
24,24.9719392,121.2566912,124,76.6,17.53
25,24.9719072,121.256576,124,72.96,14.59
26,24.9718768,121.2564224,123,77.68,19.04
27,24.9717968,121.25632,123,49.24,16.37
28,24.9717391,121.2562176,122,58.14,14.6
29,24.971672,121.2561408,122,46.06,12.92
30,24.9716336,121.2560128,121,71.69,16.33
31,24.9715168,121.255808,120,57.82,29.3
32,24.9713679,121.2554752,120,63.73,44.94
33,24.9712032,121.2550784,120,65.4,52.85
34,24.9710592,121.2547968,120,60.57,58.73
35,24.9709072,121.2544896,120,61.37,63.57
36,24.97072,121.2541568,120,58.18,71.14
37,24.9705232,121.2538112,120,57.86,74.13
38,24.97032,121.2534272,120,59.73,80.77
39,24.9700928,121.253056,121,55.97,81.36
40,24.9698608,121.252672,121,56.32,83.82
41,24.9696,121.252288,121,53.16,87.16
42,24.9693168,121.2518912,121,51.79,91.73
43,24.9690224,121.2514944,122,50.7,93.14
44,24.9687088,121.2511232,122,47.02,92.17
45,24.9683824,121.2507648,122,44.87,92.28
46,24.9680608,121.2503808,122,47.27,94.96
47,24.9677264,121.2499968,122,46.15,96.72
48,24.9673984,121.2496,123,47.64,97.54
49,24.9670672,121.2492032,123,47.36,97.98
50,24.9667584,121.248768,123,51.95,100.39
51,24.9664352,121.2483712,124,48.06,96.9
52,24.9661136,121.2479744,124,48.2,96.69
53,24.9657968,121.2475648,124,49.53,97.8
54,24.9654672,121.247168,125,47.5,97.76
55,24.965144,121.2467712,125,48.06,96.9
56,24.9648192,121.2463744,125,47.92,97.11
57,24.9644928,121.245952,125,49.56,100.82
58,24.9641728,121.245568,125,47.41,94.75
59,24.9638416,121.245184,126,46.43,96.28
60,24.9635136,121.2448,125,46.7,95.84
61,24.9632,121.244416,125,47.99,93.89
62,24.962864,121.244032,125,46.02,96.95
63,24.9625391,121.2436352,124,47.91,97.13
64,24.9622096,121.2432512,125,46.57,96.05
65,24.9618752,121.2428544,125,47.09,98.41
66,24.9615408,121.2424576,124,47.09,98.42
67,24.9612176,121.2420736,122,47.13,95.18
68,24.9609248,121.241664,122,51.74,94.76
69,24.9606416,121.241216,123,55.11,99.21
70,24.9603744,121.240768,124,56.66,97.42
71,24.9601056,121.2403072,125,57.24,99.54
72,24.9598559,121.2398336,126,59.82,99.53
73,24.9596144,121.2393856,126,59.26,94.68
74,24.9593456,121.2389376,126,56.5,97.59
75,24.9590752,121.2384896,126,56.35,97.77
76,24.9588144,121.2380544,127,56.54,94.77
77,24.9585552,121.237632,127,55.91,92.66
78,24.9583136,121.237184,127,59.25,94.69
79,24.9580688,121.2367872,128,55.77,87.19
80,24.9578384,121.2363904,128,57.36,85.6
81,24.9576144,121.2360192,129,56.35,81.01
82,24.9573968,121.2356352,128,57.99,82.26
83,24.9572112,121.2352384,127,62.71,81.11
84,24.9570336,121.2348672,126,62.18,76.25
85,24.9569072,121.2344832,125,70.05,74.21
86,24.9567664,121.2341248,124,66.57,70.96
87,24.956632,121.2337664,124,67.53,70.46
88,24.9565088,121.2334336,125,67.79,65.3
89,24.9563935,121.2331136,125,68.33,62.56
90,24.9562816,121.2328064,124,68.11,60.14
91,24.95608,121.2324224,124,59.93,53.74
92,24.9559568,121.2320128,124,71.65,52.27
93,24.9558464,121.2317184,125,67.53,57.88
94,24.9557376,121.231424,125,67.82,57.76
95,24.9556,121.2310272,119,69.07,51.45
96,24.9554544,121.2306432,115,67.3,50.41
97,24.9553392,121.2303744,117,64.7,54.01
98,24.9552128,121.2300928,119,63.66,57.08
99,24.9550832,121.229824,122,62,55.31
100,24.954968,121.2295552,124,64.7,54.01
101,24.9548544,121.2292864,125,65.01,53.88
102,24.9546768,121.2289024,126,62.97,52.21
103,24.9545008,121.2285184,129,63.18,52.11
104,24.9543344,121.2281344,130,64.45,51.55
105,24.954176,121.2277504,131,65.54,51.09
106,24.9540208,121.227392,130,64.47,48.1
107,24.9538752,121.227072,130,63.35,43.36
108,24.9537472,121.226752,130,66.19,42.36
109,24.9536735,121.2265216,129,70.57,29.59
110,24.9536127,121.2262912,126,73.77,29.06
111,24.9535408,121.2260608,125,71.01,29.51
112,24.9534752,121.2258944,125,66.5,21.98
113,24.9534352,121.2257792,124,69.04,14.94
114,24.9534128,121.225728,124,64.24,6.89
115,24.9534096,121.2257152,124,74.58,2.41
116,24.9533952,121.2256896,123,58.18,3.65
117,24.9533904,121.2256896,122,0,0.65
118,24.9533824,121.2256512,123,77.06,0.33
119,24.9533504,121.2255872,123,61.12,8.85
120,24.9533264,121.2255744,123,25.81,3.56
121,24.9532944,121.2255488,123,35.95,5.28
122,24.9532832,121.2255232,123,64.24,3.44
123,24.953264,121.2254976,123,50.4,4.02
124,24.9532528,121.2254848,123,46.02,2.15
125,24.9532544,121.225472,123,97.85,0.22
126,24.9532544,121.225472,124,0,0
127,24.9532368,121.2254336,124,63.18,5.21
128,24.953224,121.2253824,124,74.58,6.43
129,24.953192,121.2252544,124,74.58,16.08
130,24.953104,121.2250112,124,68.24,31.71
131,24.9529919,121.2247424,124,65.3,35.83
132,24.9528032,121.2243072,123,64.44,58.43
133,24.952664,121.2239872,123,64.37,64.48
134,24.9525152,121.22368,123,61.89,63.27
135,24.9523504,121.2233216,123,63.11,73.01
136,24.9521728,121.2229632,123,61.34,74.2
137,24.951984,121.222592,123,60.71,77.32
138,24.9517648,121.222208,123,57.81,82.44
139,24.951536,121.2218368,123,55.79,81.54
140,24.9513056,121.22144,123,57.36,85.6
141,24.951032,121.2210816,123,49.9,85.12
142,24.95072,121.2207232,123,46.16,90.27
143,24.9503712,121.2203776,123,41.93,93.95
144,24.9499872,121.2200448,123,38.16,97.86
145,24.949592,121.219712,123,37.36,99.63
146,24.9491632,121.2193792,123,35.13,105.06
147,24.9489248,121.2192128,123,32.33,113.06
148,24.9487072,121.2190336,123,36.75,108.83
149,24.948288,121.2187136,123,34.69,102.15
150,24.9478736,121.2183936,123,35,101.36
151,24.947464,121.2180736,122,35.31,100.58
152,24.9470448,121.2177536,122,34.69,102.15
153,24.94664,121.2174336,122,35.63,99.8
154,24.9462448,121.2171136,122,36.29,98.24
155,24.9458448,121.2167936,122,35.96,99.02
156,24.9454304,121.2164608,122,36.06,102.72
157,24.9450256,121.2161536,121,34.53,98.46
158,24.9446224,121.2158336,121,35.74,99.54
159,24.9442144,121.2155136,121,35.42,100.32
160,24.9438016,121.2151936,123,35.1,101.1
161,24.9433936,121.2148736,123,35.42,100.32
162,24.9429952,121.2145408,123,37.14,100.14
163,24.9426096,121.2141824,123,40.12,101.04
164,24.942248,121.2137984,123,43.92,100.58
165,24.9419136,121.2134144,123,46.16,96.73
166,24.941568,121.2130304,123,45.21,98.3
167,24.9412256,121.2126592,123,44.51,96.21
168,24.9408895,121.2123008,124,44.04,93.68
169,24.9405392,121.2119168,124,44.83,98.97
170,24.9401872,121.21152,125,45.63,100.86
171,24.9398352,121.2111232,126,45.63,100.86
172,24.9394848,121.2107392,127,44.82,98.98
173,24.9391136,121.210368,128,42.2,100.4
174,24.9387344,121.2100352,129,38.51,97.11
175,24.9383328,121.2097152,130,35.85,99.28
176,24.9379296,121.2093952,131,35.74,99.54
177,24.9375216,121.2090752,133,35.42,100.32
178,24.9371136,121.2087552,135,35.42,100.32
179,24.9367088,121.2084352,136,35.63,99.8
180,24.936304,121.2081152,137,35.63,99.8
181,24.9358976,121.2077952,139,35.53,100.06
182,24.9354976,121.2074624,141,37.03,100.4
183,24.935112,121.2071168,142,39.1,99.56
184,24.9347375,121.2067456,143,41.95,100.9
185,24.9344128,121.2063488,143,47.94,97.11
186,24.9341264,121.2059136,143,54.03,97.7
187,24.93384,121.2054656,144,54.82,99.6
188,24.9335712,121.204992,149,57.96,101.52
189,24.9333344,121.2045184,151,61.13,98.27
190,24.9331136,121.2040448,153,62.79,96.76
191,24.9328768,121.2035712,154,61.13,98.27
192,24.93264,121.2030976,155,61.13,98.27
193,24.9324016,121.2026112,156,61.61,100.46
194,24.9321712,121.2021376,158,61.79,97.66
195,24.931936,121.201664,158,61.29,98.11
196,24.931704,121.2011776,157,62.26,99.86
197,24.9314688,121.200704,157,61.29,98.11
198,24.931232,121.2002304,158,61.13,98.27
199,24.9310079,121.1997568,153,62.44,97.07
200,24.9307712,121.1992704,154,61.78,100.3
201,24.9305376,121.198784,154,62.09,100.01
202,24.930304,121.1983104,155,61.46,97.96
203,24.9300576,121.197824,156,60.81,101.24
204,24.9298096,121.1973632,156,59.31,97.37
205,24.929568,121.1968896,157,60.64,98.74
206,24.9293296,121.1964032,157,61.61,100.47
207,24.9290928,121.1959296,158,61.13,98.27
208,24.9288576,121.195456,159,61.29,98.12
209,24.9286304,121.1949696,160,62.75,99.42
210,24.9283984,121.1944832,160,62.26,99.86
211,24.9281696,121.1940096,161,61.95,97.51
212,24.9279344,121.193536,162,61.29,98.12
213,24.9277024,121.1930496,163,62.26,99.86
214,24.9274672,121.192576,164,61.29,98.12
215,24.9272016,121.1921024,164,58.27,101.18
216,24.9269776,121.1916288,165,62.46,97.06
217,24.9267408,121.1911552,165,61.13,98.27
218,24.9265024,121.1906688,167,61.61,100.47
219,24.9262576,121.1901952,168,60.32,99.06
220,24.9259936,121.1897472,169,56.98,97.08
221,24.925712,121.1892992,169,55.27,99.05
222,24.9253648,121.1888768,171,47.81,103.59
223,24.925,121.1885056,174,42.7,99.46
224,24.9246496,121.1881728,173,40.74,92.66
225,24.9242832,121.1878784,173,36.08,90.84
226,24.9239248,121.1875712,173,37.86,90.96
227,24.9235744,121.1872768,176,37.31,88.27
228,24.9232432,121.187008,177,36.35,82.4
229,24.9229248,121.1867392,178,37.44,80.35
230,24.9226192,121.1864704,179,38.58,78.33
231,24.9223296,121.1862272,181,37.29,72.94
232,24.9220544,121.185984,183,38.71,70.67
233,24.9218032,121.1857408,184,41.28,66.98
234,24.92156,121.1855104,185,40.67,64.25
235,24.921352,121.1853056,187,41.76,55.88
236,24.9211503,121.1851136,188,40.8,53.39
237,24.9208752,121.1848576,191,40.16,48.09
238,24.9206016,121.1845888,194,41.7,48.95
239,24.9203312,121.1843456,198,39.2,46.61
240,24.9200832,121.1841024,197,41.65,44.33
241,24.9198624,121.1838976,196,40.07,38.54
242,24.9196816,121.183744,198,37.61,30.49
243,24.9195984,121.1836288,186,51.47,17.84
244,24.9195216,121.183552,184,42.2,13.85
245,24.919384,121.1833984,184,45.35,26.16
246,24.9192464,121.1832832,184,37.21,23.08
247,24.9191472,121.183168,184,46.48,19.25
248,24.9190672,121.1830784,184,45.45,15.23
249,24.9189984,121.1830016,184,45.35,13.08
250,24.9189312,121.1829376,184,40.82,11.86
251,24.9188608,121.1828736,184,39.5,12.19
252,24.9188015,121.1828224,184,38.06,10.06
253,24.91876,121.1827584,184,54.44,9.53
254,24.918712,121.18272,185,35.96,7.92
255,24.9186576,121.1826944,187,23.11,7.9
256,24.9186208,121.1826816,188,17.51,5.16
257,24.9186016,121.182656,188,50.41,4.02
258,24.9185968,121.1826432,188,67.54,0.11
259,24.9185968,121.1826432,188,0,0
260,24.9185136,121.1825536,188,44.32,15.54
261,24.9183792,121.1824128,188,43.53,24.76
262,24.9182032,121.1822208,188,44.69,33.07
263,24.9179728,121.1819776,188,43.75,42.61
264,24.9177648,121.1817472,188,45.13,59.08
265,24.9175663,121.1815296,188,44.83,56.09
266,24.9173775,121.1812864,188,49.44,58.18
267,24.9170784,121.1810176,188,39.18,77.32
268,24.9167456,121.1807488,188,36.22,82.66
269,24.9164527,121.1804544,188,42.35,79.41
270,24.9161536,121.1801344,188,44.14,83.51
271,24.9158368,121.1798016,188,43.61,87.68
272,24.9155248,121.1794304,188,47.18,91.97
273,24.9152096,121.1790592,188,46.88,92.41
274,24.9149168,121.1786496,188,51.75,94.78
275,24.9146304,121.1782016,188,54.82,99.61
276,24.9143599,121.177728,188,57.8,101.71
277,24.9141184,121.1772416,188,61.3,100.77
278,24.9139008,121.1767296,187,64.89,102.75
279,24.913728,121.1762048,188,70.05,101.46
280,24.9135648,121.17568,188,71.07,100.82
281,24.9134287,121.1751424,187,74.4,101.43
282,24.91332,121.1746048,187,77.43,100.1
283,24.9132384,121.1740672,187,80.5,99.06
284,24.9131855,121.1735168,187,83.95,100.58
285,24.9131744,121.1729664,187,88.73,100.05
286,24.9131744,121.1724288,187,90,97.7
287,24.9131872,121.1719424,187,91.66,88.43
288,24.9132144,121.171456,185,93.53,88.56
289,24.9132304,121.171008,184,92.25,81.48
290,24.9132416,121.1705728,183,91.63,79.12
291,24.913256,121.1701888,184,92.37,69.84
292,24.9132703,121.1698432,184,92.61,62.87
293,24.9132864,121.1695104,183,93.05,60.57
294,24.913304,121.1692032,182,93.61,55.94
295,24.9133152,121.1688704,182,92.13,60.52
296,24.9133264,121.1685504,182,92.21,58.2
297,24.913336,121.1682304,182,91.89,58.19
298,24.9133472,121.1679104,182,92.21,58.2
299,24.9133568,121.1675904,182,91.89,58.19
300,24.9133648,121.1672704,182,91.58,58.18
301,24.913376,121.1669504,182,92.21,58.2
302,24.9133872,121.1666304,181,92.21,58.2
303,24.9133968,121.1663232,181,91.97,55.86
304,24.9134336,121.166016,181,97.52,56.31
305,24.9135072,121.1656192,181,101.56,73.6
306,24.91348,121.1652992,181,84.65,58.41
307,24.9134672,121.164992,181,87.37,55.89
308,24.9134688,121.1646848,181,90.33,55.83
309,24.9134768,121.1643776,181,91.64,55.85
310,24.9134832,121.1640832,181,91.37,53.52
311,24.9134895,121.1637632,181,91.24,58.17
312,24.9134976,121.1634432,180,91.6,58.18
313,24.9135024,121.163136,178,90.99,55.84
314,24.913504,121.162816,177,90.32,58.15
315,24.9134944,121.1625216,177,87.94,53.54
316,24.913496,121.1622272,177,90.34,53.5
317,24.9134944,121.16192,177,89.67,55.83
318,24.9134976,121.1616,177,90.63,58.16
319,24.9134976,121.1612672,177,90,60.48
320,24.9134176,121.1609856,177,72.61,53.63
321,24.913488,121.1606656,177,103.63,59.84
322,24.9135472,121.16032,176,100.7,63.92
323,24.9135856,121.1599744,176,96.98,63.28
324,24.9136016,121.1596544,176,93.16,58.24
325,24.9136192,121.1593344,176,93.47,58.26
326,24.9136288,121.1588992,177,91.39,52.74
327,24.9136384,121.1585792,177,91.89,58.19
328,24.913656,121.1582592,178,93.47,58.26
329,24.9136688,121.1579392,177,92.53,58.21
330,24.9136928,121.1576192,176,94.73,58.35
331,24.9136944,121.1572864,176,90.3,60.48
332,24.9137008,121.1569536,175,91.21,60.49
333,24.9137056,121.1566208,174,90.91,60.49
334,24.9137184,121.1563008,173,92.53,58.21
335,24.9137327,121.1559808,172,92.82,58.22
336,24.9137504,121.1556608,171,93.49,58.26
337,24.9137712,121.1553408,171,94.1,58.3
338,24.913784,121.1550208,171,92.53,58.21
339,24.9137936,121.1547136,171,91.97,55.86
340,24.9138176,121.1543936,170,94.73,58.35
341,24.913832,121.1540864,170,92.96,55.9
342,24.9138448,121.1536768,167,91.97,49.65
343,24.9138672,121.1533312,169,94.09,41.98
344,24.9138848,121.1529984,168,93.34,40.39
345,24.913904,121.1526656,168,93.64,40.4
346,24.91392,121.1523584,168,93.29,37.28
347,24.9139328,121.152128,168,93.51,27.97
348,24.9139488,121.151936,168,95.25,23.36
349,24.9139552,121.1517568,167,92.26,21.73
350,24.9139632,121.151552,167,92.47,24.83
351,24.9139808,121.1513472,167,95.41,24.92
352,24.9139823,121.1511424,168,90.46,24.81
353,24.9139823,121.150784,168,90,32.57
354,24.9140096,121.1505024,168,96.1,34.31
355,24.9140208,121.150208,168,92.4,35.7
356,24.9140624,121.1498752,168,97.85,30.53
357,24.9140816,121.149504,167,93.26,33.78
358,24.9140848,121.1491456,167,90.56,32.57
359,24.9140704,121.1487872,167,87.46,32.6
360,24.914072,121.1485568,167,90.44,27.91
361,24.9140799,121.1482496,166,91.62,37.23
362,24.9140799,121.1479808,166,90,32.57
363,24.914088,121.1476992,165,91.82,34.13
364,24.9141024,121.1474304,166,93.38,32.62
365,24.9141152,121.147136,165,92.74,35.71
366,24.9141376,121.14688,165,95.51,31.16
367,24.914144,121.1466752,165,91.97,24.83
368,24.9141792,121.1465472,165,106.87,16.2
369,24.9142048,121.1464064,165,101.34,17.4
370,24.9142288,121.1463808,164,135.95,4.46
371,24.9142319,121.1463936,164,255.05,4.81
372,24.9142208,121.146368,164,64.45,3.44
373,24.9142096,121.1463424,164,64.25,3.44
374,24.914184,121.1463296,164,24.39,2.25
375,24.9141648,121.146304,163,50.41,0.3
376,24.9141584,121.1462784,163,74.59,1.21
377,24.9141536,121.1462656,163,67.54,1.68
378,24.914144,121.1462528,163,50.41,0.22
379,24.9141343,121.1462272,163,67.33,3.36
380,24.9141343,121.1462272,163,0,0
381,24.914128,121.1462272,163,0,0.84
382,24.914128,121.1462144,163,90,1.55
383,24.914128,121.1462144,163,0,0
384,24.914128,121.1462144,163,0,0
385,24.9141056,121.146176,163,57.25,1.84
386,24.9141024,121.146176,163,0,0.43
387,24.9140944,121.1461504,163,70.99,0.26
388,24.9140896,121.1461504,163,0,0.65
389,24.914088,121.1461504,163,0,0.07
390,24.9140896,121.1461504,163,180,0.07
391,24.9140896,121.1461504,164,0,0
392,24.9140928,121.1461632,164,254.59,0.17
393,24.9140848,121.1461504,164,55.43,1.88
394,24.9140799,121.1461376,164,67.12,1.26
395,24.9140816,121.1461376,164,180,0.11
396,24.9140832,121.1461504,164,262.15,0.21
397,24.9140944,121.1461504,164,180,0.9
398,24.9140992,121.1461632,164,247.54,1.26
399,24.9140976,121.146176,164,277.85,1.56
400,24.9141056,121.146176,164,180,0.25
401,24.914112,121.1461888,164,241.13,1.77
402,24.9141248,121.1461888,164,180,1.71
403,24.9141392,121.1461888,164,180,1.92
404,24.9141424,121.1461888,164,180,0.43
405,24.914192,121.1461888,164,180,2.84
406,24.9142032,121.1461888,164,180,1.5
407,24.9141792,121.1460992,164,73.55,11.32
408,24.9141552,121.145984,164,77.06,14.32
409,24.9141888,121.1459072,164,115.75,10.33
410,24.914184,121.145792,164,87.37,13.97
411,24.9141984,121.1456384,164,95.9,18.71
412,24.9142144,121.1454848,164,96.55,18.73
413,24.9142288,121.1453184,163,95.45,20.25
414,24.9142464,121.1451392,163,96.18,21.84
415,24.9142736,121.1449472,162,98.88,23.54
416,24.9143072,121.1447424,161,100.25,25.21
417,24.9143424,121.1445376,161,100.73,25.25
418,24.914392,121.1443328,161,104.95,25.68
419,24.9144496,121.1441408,160,108.3,24.5
420,24.9145152,121.1439488,160,110.64,24.86
421,24.9145888,121.1437696,160,114.36,23.83
422,24.9146576,121.1435904,160,112.94,23.58
423,24.9147312,121.143424,160,116,22.43
424,24.9148048,121.1432448,160,114.36,23.83
425,24.914888,121.1430528,160,115.54,25.78
426,24.9150032,121.1428352,159,120.27,30.53
427,24.9151136,121.1426176,159,119.22,30.21
428,24.9152048,121.1423872,159,113.58,30.46
429,24.9153024,121.1421568,159,115.04,30.81
430,24.9154048,121.1419264,159,116.11,31.08
431,24.9155008,121.141696,158,114.68,30.72
432,24.9155984,121.1414528,158,113.87,32.22
433,24.9156976,121.1412096,158,114.22,32.31
434,24.9158079,121.1409792,158,117.83,31.56
435,24.915912,121.1407616,158,117.81,29.81
436,24.9160384,121.1405312,158,121.17,32.62
437,24.9162,121.1402624,157,123.54,39.07
438,24.9164032,121.1399168,158,122.96,49.9
439,24.9165376,121.1396608,158,120.07,53.75
440,24.9167248,121.1393152,157,120.85,48.77
441,24.9168832,121.1389952,156,118.63,44.17
442,24.917048,121.1386368,155,116.89,48.68
443,24.9173648,121.1376896,155,110.24,52.42
444,24.9176832,121.1368064,155,111.68,57.57
445,24.917792,121.1364736,155,109.82,64.29
446,24.9178976,121.136192,155,112.46,55.38
447,24.9180351,121.1357952,154,110.91,51.46
448,24.9181744,121.1354112,154,111.8,50.1
449,24.9183087,121.1350016,154,109.88,52.77
450,24.9184384,121.1345792,154,108.7,54.03
451,24.9185712,121.1341824,154,110.26,51.24
452,24.9187024,121.1337728,153,109.45,52.63
453,24.918792,121.1334912,151,109.33,54.23
454,24.9189408,121.1330688,149,111.23,54.9
455,24.9190576,121.1327104,147,109.77,69.21
456,24.9191856,121.1323264,145,110.18,74.35
457,24.9193232,121.1319296,145,110.93,77.2
458,24.9194672,121.1315072,144,110.6,82
459,24.9196208,121.1310592,144,110.71,87.03
460,24.9197792,121.1306112,144,111.3,87.38
461,24.919952,121.1301248,145,111.39,94.93
462,24.92012,121.1296384,146,110.85,94.58
463,24.9202863,121.129152,146,110.66,94.46
464,24.9204528,121.1286656,146,110.68,94.47
465,24.9206271,121.1281792,144,111.56,95.04
466,24.9208032,121.1276672,144,110.77,99.51
467,24.9209504,121.1271552,145,107.59,97.6
468,24.9211152,121.1266688,145,110.49,94.35
469,24.9212896,121.1261696,144,111.07,97.21
470,24.9214416,121.1256832,144,109.01,93.49
471,24.9215664,121.125184,144,105.41,94.1
472,24.9216735,121.1246592,144,102.68,97.75
473,24.9217696,121.1241344,145,101.42,97.29
474,24.9218623,121.1236096,145,101.02,97.16
475,24.9219535,121.1230976,146,101.11,94.82
476,24.9220447,121.12256,146,100.6,99.39
477,24.9221408,121.1220352,145,101.42,97.29
478,24.9222335,121.1215104,145,101.02,97.16
479,24.9223296,121.1209728,145,101.15,99.57
480,24.9224208,121.120448,146,100.85,97.1
481,24.9225152,121.1199104,146,100.96,99.5
482,24.9226112,121.1193728,145,101.14,99.57
483,24.9227072,121.1188352,145,101.14,99.57
484,24.9228,121.1182976,144,100.78,99.44
485,24.922896,121.1177728,144,101.4,97.28
486,24.9229888,121.1172352,144,100.78,99.44
487,24.9230864,121.1167104,143,101.59,97.35
488,24.9231776,121.1161728,142,100.6,99.38
489,24.9232672,121.115648,142,100.66,97.04
490,24.9233664,121.1151104,140,101.5,99.69
491,24.9234656,121.1145728,139,101.5,99.69
492,24.9235616,121.114048,138,101.4,97.28
493,24.923656,121.1135104,137,100.96,99.5
494,24.9237568,121.1129856,136,101.96,97.48
495,24.9238703,121.1124608,135,103.41,98.04
496,24.9240176,121.1119488,136,107.6,97.61
497,24.9241984,121.1114368,136,111.28,99.84
498,24.9244048,121.1109504,136,115.08,97.58
499,24.9246304,121.1104768,136,117.71,97.21
500,24.9248672,121.1100032,135,118.87,98.27
501,24.9250991,121.1095296,135,118.37,97.8
502,24.9253376,121.109056,134,119.04,98.44
503,24.9255696,121.1085952,134,119.04,95.77
504,24.9258048,121.1081216,134,118.71,98.12
505,24.9260352,121.1076352,134,117.58,99.72
506,24.9262656,121.1071616,134,118.21,97.66
507,24.926504,121.106688,133,119.03,98.43
508,24.9267423,121.1062144,133,119.02,98.42
509,24.926976,121.1057408,134,118.55,97.97
510,24.9272016,121.1052672,135,117.71,97.21
511,24.9274336,121.1047936,136,118.38,97.81
512,24.9276656,121.10432,135,118.38,97.81
513,24.9278944,121.1038464,135,118.05,97.51
514,24.9281248,121.1033856,134,118.87,95.61
515,24.928352,121.102912,134,117.88,97.36
516,24.9285824,121.1024384,134,118.21,97.66
517,24.9288128,121.101952,135,117.58,99.71
518,24.9290432,121.1014784,135,118.21,97.66
519,24.9292752,121.100992,135,117.74,99.86
520,24.9295024,121.1005312,135,118.53,95.31
521,24.9297328,121.1000576,135,118.21,97.66
522,24.9299648,121.099584,135,118.38,97.81
523,24.9301936,121.0990976,135,117.42,99.56
524,24.9304432,121.098624,134,120.16,99.53
525,24.93068,121.0981504,134,118.87,98.27
526,24.9309136,121.0976768,133,118.54,97.96
527,24.9311472,121.0972032,133,118.54,97.96
528,24.9313856,121.0967296,133,119.03,98.42
529,24.9316304,121.0962816,131,121.07,95.04
530,24.9318816,121.0958336,131,121.73,95.71
531,24.9321056,121.0953856,131,118.87,92.96
532,24.9323343,121.0948992,131,117.41,99.55
533,24.9325616,121.0944512,131,119.23,93.28
534,24.9327903,121.093952,132,116.8,101.62
535,24.9330288,121.0934784,132,119.05,98.43
536,24.9332656,121.0929792,132,117.61,102.37
537,24.93348,121.0924544,133,114.25,104.59
538,24.9336928,121.091968,132,115.76,98.13
539,24.9338048,121.0916992,132,114.68,107.5
540,24.9340304,121.0911744,132,115.36,105.53
541,24.9342,121.0906496,131,109.62,101.23
542,24.9343488,121.090112,130,106.97,102.13
543,24.9344784,121.0895744,129,104.89,101.07
544,24.9345632,121.0890368,127,99.87,99.15
545,24.9346159,121.0884992,126,96.17,98.25
546,24.9346544,121.0879744,123,94.63,95.67
547,24.934664,121.087488,122,91.25,88.4
548,24.9346432,121.0870528,121,86.98,79.18
549,24.9346128,121.0866304,121,85.46,76.99
550,24.9345648,121.0862464,120,82.15,70.43
551,24.9345168,121.0859008,118,81.29,63.53
552,24.9344688,121.085568,117,80.96,61.23
553,24.9344288,121.085248,117,82.15,58.69
554,24.934384,121.0849408,115,80.86,56.54
555,24.9343359,121.0846464,116,79.79,54.35
556,24.9342896,121.084352,117,80.16,54.29
557,24.934232,121.0839808,114,80.29,45.62
558,24.9341616,121.083584,113,78.93,48.98
559,24.9340784,121.0831872,115,76.98,49.33
560,24.9340304,121.0828544,115,80.96,40.82
561,24.9339824,121.0825472,115,80.22,37.76
562,24.9339343,121.0822784,116,78.84,33.19
563,24.9339024,121.082112,117,78.06,20.6
564,24.9338768,121.0819712,118,78.66,17.39
565,24.9338431,121.0818688,118,70.05,13.2
566,24.9338336,121.0818432,118,67.74,3.35
567,24.9338336,121.0818304,117,90,1.55
568,24.9338336,121.0818048,117,90,3.1
569,24.9338288,121.0818048,116,0,0.06
570,24.9338272,121.0817792,116,86.06,3.11
571,24.9338016,121.0816768,116,74.59,12.87
572,24.9337616,121.0814848,116,77.06,23.86
573,24.9337024,121.081216,116,76.35,33.51
574,24.9336224,121.0808576,117,76.17,44.71
575,24.933536,121.0804224,117,77.65,53.97
576,24.93348,121.0800896,117,79.49,61.5
577,24.9334208,121.0797312,117,79.68,66.19
578,24.9333584,121.0793344,115,80.16,73.17
579,24.9332928,121.0788992,114,80.56,80.16
580,24.933216,121.078464,113,78.99,80.56
581,24.9331344,121.0779904,113,79.24,87.59
582,24.9330432,121.0775168,113,78.01,87.97
583,24.932944,121.0770176,112,77.64,92.86
584,24.9328416,121.0765184,112,77.25,93
585,24.9327392,121.0760192,111,77.25,93
586,24.9326383,121.0755072,110,77.74,95.2
587,24.9325312,121.0749952,109,77.01,95.47
588,24.9324224,121.0744832,108,76.81,95.55
589,24.9323248,121.0739584,109,78.41,97.34
590,24.9322224,121.0734464,109,77.56,95.27
591,24.9321216,121.0729344,111,77.75,95.2
592,24.9320224,121.0724224,111,77.94,95.13
593,24.9319184,121.0719104,111,77.37,95.34
594,24.9318144,121.0713984,111,77.37,95.34
595,24.9317104,121.0708864,110,77.37,95.34
596,24.931608,121.0703872,109,77.25,93
597,24.9315072,121.0698752,109,77.75,95.2
598,24.9314048,121.069376,107,77.25,93
599,24.9312992,121.0688768,106,76.87,93.14
600,24.9312016,121.068352,107,78.41,97.34
601,24.9311008,121.0678528,106,77.45,92.93
602,24.9309952,121.0673408,105,77.19,95.41
603,24.9308495,121.0665856,105,77.99,93.53
604,24.9307968,121.0663296,104,77.21,95.4
605,24.930696,121.0658176,105,77.75,95.2
606,24.930592,121.0653184,105,77.06,93.07
607,24.9304736,121.0648192,105,75.34,93.76
608,24.9303248,121.06432,104,71.8,95.48
609,24.93016,121.0638336,105,69.51,94.35
610,24.9299776,121.0633728,103,66.42,91.36
611,24.9297792,121.0629248,103,63.97,90.59
612,24.9295696,121.0624896,103,62.03,89.54
613,24.9293456,121.0620672,103,59.68,88.91
614,24.9291151,121.0616832,102,56.5,83.68
615,24.9288704,121.061312,102,53.98,83.39
616,24.9286176,121.0609536,101,52.12,82.5
617,24.9283584,121.0605952,100,51.43,83.3
618,24.9280896,121.0602624,99,48.31,80.98
619,24.9278176,121.0599552,98,45.68,78.02
620,24.9275455,121.0596608,98,44.46,76.38
621,24.927264,121.059392,97,40.89,74.61
622,24.9269824,121.0591232,97,40.88,74.63
623,24.9267024,121.05888,97,38.23,71.42
624,24.9264208,121.0586496,97,36.57,70.26
625,24.9261472,121.0584448,97,34.17,66.26
626,24.9258848,121.0582784,97,29.9,60.65
627,24.9256256,121.0580992,97,32.09,61.3
628,24.9253824,121.0579456,96,29.8,56.16
629,24.9251456,121.0577792,94,32.51,56.26
630,24.924808,121.0575744,94,28.82,51.47
631,24.9244847,121.0573568,93,31.4,50.6
632,24.9241664,121.0571392,94,31.8,50.03
633,24.9238592,121.0569344,95,31.16,47.95
634,24.9235744,121.0567424,94,31.44,44.59
635,24.9233072,121.0565504,94,33.09,42.6
636,24.9230944,121.0564224,94,28.61,32.38
637,24.9229248,121.0563328,95,25.6,25.12
638,24.9227776,121.0562176,95,35.36,24.11
639,24.92268,121.0561536,95,30.74,15.17
640,24.9225824,121.0561024,95,25.44,14.44
641,24.922512,121.0560512,96,33.41,11.27
642,24.9224688,121.0560128,95,38.87,5.56
643,24.9224112,121.0559744,95,31.16,8.99
644,24.922384,121.0559488,95,40.48,7.16
645,24.9223616,121.055936,94,27.39,2.53
646,24.922336,121.0559104,94,42.2,3.46
647,24.9223296,121.0558848,94,74.59,3.22
648,24.9223168,121.0558592,94,61.13,3.54
649,24.9223104,121.0558464,94,61.13,1.77
650,24.9223008,121.0558336,94,50.41,2.01
651,24.922296,121.0558208,94,67.53,1.68
652,24.9222768,121.0558208,94,0,1.92
653,24.9222448,121.0558208,94,0,4.27
654,24.9222271,121.0558592,94,296.94,5.22
655,24.9222208,121.0558848,94,285.18,3.21
656,24.9222271,121.0558848,94,180,0.84
657,24.9221423,121.0558336,95,28.7,12.91
658,24.9219648,121.0557184,95,30.48,27.51
659,24.9217168,121.0555392,94,33.24,39.61
660,24.9214192,121.0553088,93,35.07,48.57
661,24.9211776,121.0551424,93,31.99,57.08
662,24.9209168,121.0549504,92,33.73,62.83
663,24.920632,121.0547328,91,34.72,69.43
664,24.9203184,121.0545152,91,32.18,74.24
665,24.919992,121.054272,90,34.05,78.93
666,24.919656,121.0540288,88,33.28,80.54
667,24.9193056,121.0537728,87,33.53,84.22
668,24.9189295,121.0535168,87,31.69,88.56
669,24.9185408,121.053248,86,32.09,91.94
670,24.918144,121.0529664,87,32.77,94.55
671,24.9177344,121.0526848,86,31.94,96.72
672,24.9173104,121.0524032,85,31.06,99.18
673,24.9170832,121.0522496,87,31.51,106.8
674,24.9166512,121.0519552,89,31.72,101.76
675,24.9162288,121.0516992,88,28.8,96.58
676,24.9157984,121.051456,86,27.13,96.91
677,24.9153632,121.0511872,85,29.26,99.95
678,24.9149264,121.0509312,84,27.99,99.12
679,24.9144912,121.0506752,85,28.08,98.84
680,24.9140512,121.0504192,84,27.82,99.69
681,24.9136175,121.050176,84,26.96,97.5
682,24.913184,121.04992,83,28.17,98.54
683,24.9127488,121.049664,83,28.08,98.84
684,24.9123184,121.049408,81,28.34,97.99
685,24.9118912,121.049152,80,28.52,97.43
686,24.9114496,121.048896,81,27.73,99.97
687,24.9110032,121.04864,82,27.48,100.82
688,24.9105696,121.0483968,82,26.96,97.48
689,24.9101296,121.0481408,82,27.82,99.69
690,24.9096944,121.0478848,82,28.08,98.84
691,24.9092624,121.0476288,82,28.26,98.27
692,24.9088416,121.04736,81,30.09,97.45
693,24.9084336,121.0471168,81,28.4,92.94
694,24.9080384,121.0468864,81,27.87,89.58
695,24.9076752,121.0466688,81,28.52,82.83
696,24.9073296,121.0464768,80,26.74,77.54
697,24.907008,121.0462848,80,28.43,73.28
698,24.9067056,121.0461056,79,28.26,68.79
699,24.9064224,121.0459392,79,28.05,64.3
700,24.9061424,121.0457728,79,28.33,63.74
701,24.9058704,121.0456064,79,29.02,62.33
702,24.9056112,121.0454528,79,28.26,58.96
703,24.90536,121.0453248,80,24.8,55.45
704,24.9051152,121.0451712,81,29.64,56.44
705,24.90488,121.0450176,80,30.64,54.78
706,24.9045327,121.0448512,81,23.49,50.58
707,24.9042016,121.044672,81,26.15,49.27
708,24.9038928,121.0444672,81,31.03,48.14
709,24.9035824,121.0442624,82,30.9,48.32
710,24.9033248,121.044096,81,30.37,39.88
711,24.9019616,121.043584,96,18.81,27.48
712,24.9019392,121.043584,103,0,4.49
713,24.9019504,121.0435712,101,133.97,1.62
714,24.9019568,121.0435968,101,254.59,0.15
715,24.9019568,121.0435968,101,0,0
716,24.9018416,121.0435072,101,35.2,18.83
717,24.9016336,121.0433536,101,33.81,33.44
718,24.9013584,121.0431744,101,30.57,42.7
719,24.9010224,121.0429312,101,33.29,53.69
720,24.9007536,121.042752,100,31.16,62.94
721,24.9004688,121.04256,100,31.45,66.89
722,24.9001584,121.0423552,100,30.9,72.48
723,24.8998304,121.0421248,100,32.5,77.93
724,24.8994816,121.0419072,100,29.5,80.3
725,24.8991216,121.0416768,100,30.14,83.41
726,24.8987408,121.0414336,99,30.08,88.18
727,24.898352,121.0411904,99,29.57,89.57
728,24.8979664,121.0409216,99,32.31,91.41
729,24.8975776,121.040576,98,38.88,100.07
730,24.8972096,121.0402176,98,41.46,98.39
731,24.896856,121.0398464,98,43.6,97.84
732,24.8965152,121.0394496,97,46.56,99.32
733,24.8961984,121.0390272,96,50.41,99.62
734,24.8959008,121.038592,95,52.99,99.06
735,24.8956336,121.0381312,94,57.41,99.4
736,24.8953744,121.0376576,94,58.89,100.53
737,24.8951504,121.0371584,94,63.68,101.23
738,24.8949551,121.0366464,92,67.19,100.95
739,24.8947696,121.0361344,91,68.23,100.21
740,24.8945792,121.0356352,90,67.19,98.43
741,24.8943856,121.0351232,89,67.37,100.82
742,24.894192,121.0346112,88,67.37,100.82
743,24.8939984,121.0340992,87,67.37,100.82
744,24.8938048,121.0335744,86,67.87,102.97
745,24.893608,121.0330624,84,67.04,101.07
746,24.8934112,121.0325632,83,66.51,98.93
747,24.8932176,121.0320512,82,67.37,100.82
748,24.8930224,121.031552,80,66.68,98.81
749,24.8928272,121.03104,78,67.2,100.95
750,24.892632,121.030528,76,67.2,100.95
751,24.8924368,121.030016,74,67.2,100.95
752,24.8922384,121.0295168,73,66.34,99.06
753,24.8920448,121.0290048,71,67.37,100.82
754,24.891848,121.0284928,70,67.04,101.07
755,24.8916544,121.0279936,68,66.85,98.68
756,24.8914608,121.0274944,67,66.85,98.68
757,24.8912656,121.0269824,65,67.2,100.95
758,24.891072,121.0264704,64,67.37,100.82
759,24.8908783,121.0259712,63,66.84,98.69
760,24.8906864,121.025472,62,67.03,98.55
761,24.890496,121.02496,61,67.71,100.58
762,24.8903008,121.0244608,60,66.68,98.81
763,24.8901055,121.0239616,59,66.67,98.82
764,24.8899136,121.0234496,57,67.55,100.69
765,24.8897216,121.0229504,56,67.02,98.56
766,24.8895328,121.0224512,55,67.37,98.31
767,24.8893376,121.0219392,54,67.2,100.95
768,24.8891232,121.02144,54,64.66,100.39
769,24.88888,121.0209664,54,60.49,98.92
770,24.8886112,121.0205184,53,56.52,97.63
771,24.8883136,121.0200704,53,53.78,100.93
772,24.8879904,121.019648,53,49.85,100.44
773,24.8876608,121.0192384,53,48.42,99.52
774,24.8873296,121.0188288,53,48.29,99.74
775,24.8869952,121.0184192,53,48.01,100.16
776,24.8866672,121.0180096,53,48.56,99.31
777,24.8863456,121.0175872,53,49.99,100.24
778,24.886024,121.0171904,53,48.22,96.72
779,24.88568,121.0167936,53,46.3,99.77
780,24.885344,121.0163968,54,46.97,98.67
781,24.885008,121.0159872,55,47.88,100.38
782,24.88468,121.0155904,55,47.66,97.58
783,24.8843472,121.0151808,56,48.15,99.95
784,24.8840144,121.0147712,57,48.15,99.95
785,24.8836816,121.0143616,59,48.15,99.95
786,24.883352,121.013952,60,48.43,99.52
787,24.8830208,121.0135552,60,47.38,98.01
788,24.882688,121.0131456,60,48.15,99.95
789,24.8823616,121.012736,59,48.7,99.1
790,24.8820336,121.0123392,59,47.66,97.58
791,24.8817024,121.0119296,59,48.29,99.74
792,24.8813712,121.0115072,58,49.16,101.49
793,24.8810432,121.0111104,58,47.66,97.58
794,24.8807184,121.0107008,59,48.84,98.89
795,24.8803936,121.0102784,60,49.72,100.65
796,24.8800608,121.0098816,61,47.25,98.23
797,24.8797344,121.009472,61,48.7,99.1
798,24.8794064,121.0090624,61,48.57,99.31
799,24.8790816,121.00864,61,49.72,100.65
800,24.8787408,121.0082688,61,44.66,96
801,24.8784032,121.0078592,61,47.74,100.6
802,24.8780639,121.0074496,60,47.6,100.83
803,24.8777328,121.00704,61,48.3,99.73
804,24.8774064,121.0066304,61,48.7,99.1
805,24.8770752,121.0062208,61,48.29,99.74
806,24.8767488,121.005824,61,47.8,97.37
807,24.8764336,121.00544,61,47.86,94.14
808,24.8761296,121.005056,61,48.89,92.65
809,24.87584,121.0046976,62,48.31,87.25
810,24.87556,121.0043392,63,49.27,85.98
811,24.8752944,121.0040192,62,47.55,78.84
812,24.8750399,121.0036864,62,49.87,79.12
813,24.8747936,121.003392,61,47.32,72.8
814,24.8745504,121.0030976,60,47.68,72.38
815,24.8743215,121.0028288,61,46.81,67.02
816,24.8741056,121.00256,60,48.48,65.26
817,24.8738944,121.0023168,60,46.25,61.2
818,24.873696,121.0020736,60,48.04,59.46
819,24.8735136,121.0018304,59,50.42,57.36
820,24.8732496,121.0014976,59,48.83,53.58
821,24.8729856,121.0012032,59,45.33,50.17
822,24.8727248,121.0008832,59,48.07,52.13
823,24.8724368,121.0006016,59,41.58,51.43
824,24.8721679,121.0003072,59,44.81,50.63
825,24.8719152,120.9999872,58,48.96,51.42
826,24.8716672,120.9996544,59,50.6,52.19
827,24.871416,120.9993472,59,47.97,50.12
828,24.8711648,120.99904,60,47.97,50.12
829,24.8709232,120.99872,61,50.23,50.45
830,24.870688,120.9984,61,50.99,49.91
831,24.8704432,120.99808,61,49.86,50.73
832,24.8701952,120.9977728,62,48.34,49.84
833,24.8699472,120.9974912,61,45.85,47.56
834,24.8697136,120.9972224,60,46.23,45.11
835,24.8695104,120.996992,62,45.81,38.94
836,24.8693216,120.9968,63,42.7,34.32
837,24.8691808,120.9967104,64,30,21.72
838,24.869096,120.9965824,64,53.86,19.21
839,24.8690432,120.9964416,64,67.54,18.46
840,24.8689744,120.9963264,64,56.64,16.72
841,24.8689104,120.9962112,64,58.52,16.37
842,24.86884,120.9961344,63,44.7,13.23
843,24.8687952,120.9960832,62,46.04,6.47
844,24.8687936,120.9960704,60,82.16,0.94
845,24.868792,120.9960576,59,82.16,0.16
846,24.8687936,120.9960576,59,180,0.17
847,24.8687952,120.9960576,59,180,0.14
848,24.868776,120.9960448,59,31.17,3
849,24.868752,120.9960064,59,55.44,5.65
850,24.8687072,120.9959552,59,46.04,8.62
851,24.8686143,120.9958656,59,41.19,16.49
852,24.8685024,120.9957248,59,48.78,22.69
853,24.8683456,120.9955456,59,46.04,30.17
854,24.8681168,120.9952512,59,49.42,46.98
855,24.8678448,120.9949184,58,47.99,54.29
856,24.8676384,120.9946624,58,48.37,62.26
857,24.867408,120.9943808,57,47.96,68.94
858,24.8671632,120.9940736,57,48.71,74.33
859,24.8669248,120.9938048,55,45.65,68.34
860,24.866672,120.993536,54,43.97,70.38
861,24.8664096,120.9932928,53,40.06,68.7
862,24.8661152,120.9930752,52,33.85,71.03
863,24.865832,120.9928704,52,33.27,67.87
864,24.8655136,120.9927168,51,23.64,69.64
865,24.8651792,120.9926016,52,17.36,70.2
866,24.8648448,120.9925248,53,11.77,68.44
867,24.8645136,120.9924864,56,6.01,66.73
868,24.8641712,120.992512,57,356.12,68.77
869,24.8638559,120.9925632,56,351.62,63.86
870,24.863512,120.9926528,55,346.7,70.81
871,24.8631728,120.9927808,55,341.1,71.84
872,24.8628464,120.9929472,53,335.18,72.06
873,24.8625392,120.9931392,53,330.44,70.76
874,24.8622736,120.9933568,50,323.37,66.31
875,24.8620032,120.9936,50,320.78,69.93
876,24.8617664,120.993856,49,315.55,66.46
877,24.8615568,120.9941376,52,309.36,66.22
878,24.861368,120.9944448,52,304.11,67.46
879,24.8611984,120.9947776,52,299.32,69.4
880,24.861016,120.9951232,51,300.19,72.69
881,24.8608368,120.9954688,51,299.75,72.37
882,24.8606512,120.9958144,52,300.62,73.01
883,24.8604704,120.9961344,52,301.91,68.54
884,24.8602912,120.9964544,52,301.68,68.37
885,24.8601072,120.9967744,52,302.36,68.88
886,24.859936,120.9971072,52,299.55,69.55
887,24.8597616,120.9974272,52,300.99,67.87
888,24.859576,120.9977728,52,300.62,73.01
889,24.8593728,120.9981568,52,300.25,80.82
890,24.8591712,120.9985536,51,299.25,82.68
891,24.858952,120.9989504,51,301.33,84.46
892,24.8587344,120.9993472,52,301.15,84.29
893,24.8585152,120.9997568,51,300.53,86.46
894,24.858296,121.0001664,50,300.53,86.46
895,24.8580832,121.0005504,50,301.41,81.81
896,24.857872,121.0009472,50,300.4,83.64
897,24.8576624,121.001344,50,300.21,83.48
898,24.8574576,121.001728,50,300.45,80.98
899,24.8572479,121.0021248,50,300.22,83.49
900,24.8570512,121.0025344,50,297.89,84.26
901,24.856872,121.002944,50,295.74,82.68
902,24.85672,121.0033408,49,292.89,78.31
903,24.8565472,121.0037504,50,294.94,82.13
904,24.8563839,121.0041472,48,294.4,79.22
905,24.856216,121.0045312,48,295.73,77.5
906,24.8560608,121.0049024,47,294.74,74.31
907,24.8559151,121.0052608,47,294.13,71.4
908,24.8557728,121.0055936,48,295.23,66.89
909,24.8556368,121.0059264,47,294.25,66.36
910,24.8555104,121.0062464,47,293.52,63.45
911,24.8553888,121.0065408,46,294.48,58.81
912,24.8552688,121.006848,46,293.29,60.81
913,24.8551504,121.0071424,45,293.9,58.55
914,24.8550384,121.0074368,43,292.75,58.04
915,24.8549232,121.0077184,43,294.27,56.16
916,24.8548064,121.0080128,41,293.62,58.42
917,24.8546912,121.0082944,39,294.27,56.16
918,24.8545776,121.0086016,39,292.17,60.31
919,24.8544592,121.0088832,43,294.86,56.43
920,24.8543296,121.0091776,41,295.88,59.49
921,24.8541904,121.009472,41,297.52,60.36
922,24.8540432,121.0097408,40,301.11,57.08
923,24.8538928,121.0100096,40,301.66,57.42
924,24.853728,121.0102784,39,304.05,58.98
925,24.8535696,121.0105216,37,305.67,54.43
926,24.8533839,121.0107776,36,308.64,59.59
927,24.8531856,121.0110208,37,311.94,59.45
928,24.8529856,121.0112512,36,313.73,57.97
929,24.8527744,121.0114688,35,316.93,57.93
930,24.85256,121.0116736,35,319.08,56.85
931,24.8523408,121.0118784,34,319.71,57.58
932,24.8521168,121.0120704,34,322.13,56.86
933,24.8518864,121.0122496,33,324.79,56.51
934,24.8516432,121.0124416,33,324.38,59.94
935,24.8513856,121.012608,32,329.62,59.83
936,24.8511136,121.0127744,32,330.96,62.34
937,24.8508384,121.012928,33,333.14,61.81
938,24.8505616,121.0130688,33,335.22,61.09
939,24.8502832,121.013184,33,339.42,59.59
940,24.8500096,121.0132992,33,339.09,58.69
941,24.8497232,121.0134016,33,342.02,60.33
942,24.8494336,121.0134912,33,344.32,60.27
943,24.8491456,121.0135552,32,348.6,58.87
944,24.848856,121.0136192,32,348.66,59.18
945,24.8485584,121.0136704,31,351.13,60.35
946,24.8482607,121.013696,28,355.54,59.83
947,24.8479648,121.0137216,27,355.51,59.47
948,24.8476624,121.0137344,27,357.8,60.64
949,24.8473599,121.0137344,27,0,60.61
950,24.8470592,121.0137216,28,2.21,60.3
951,24.8467584,121.013696,27,4.42,60.45
952,24.8464544,121.0136576,27,6.54,61.31
953,24.8461551,121.0136064,27,8.82,60.69
954,24.845856,121.0135424,26,10.99,61.05
955,24.8455664,121.0134656,26,13.53,59.69
956,24.8452752,121.013376,26,15.6,60.58
957,24.8449904,121.0132736,25,18.07,60.03
958,24.8447071,121.0131584,25,20.25,60.51
959,24.8444304,121.0130304,25,22.77,60.13
960,24.84416,121.0129024,24,23.25,58.97
961,24.8438975,121.012736,23,29.91,60.68
962,24.8436368,121.0125696,22,30.08,60.37
963,24.843384,121.0124032,22,30.85,59
964,24.8431344,121.012224,21,33.08,59.69
965,24.8428864,121.0120576,20,31.34,58.18
966,24.8426464,121.0118912,19,32.18,56.82
967,24.8424208,121.0117248,19,33.8,54.4
968,24.8420928,121.0114944,19,32.52,51.96
969,24.841776,121.011264,25,33.42,50.7
970,24.8414656,121.0110336,26,33.96,49.99
971,24.8411424,121.010816,25,31.42,50.59
972,24.840824,121.0105728,25,34.73,51.75
973,24.8405264,121.0103552,24,33.57,47.71
974,24.8402591,121.010176,25,31.32,41.8
975,24.8400768,121.010048,27,32.5,28.88
976,24.8399216,121.0099328,29,33.96,25
977,24.839792,121.009856,33,28.27,19.66
978,24.8396784,121.0098688,35,354.16,15.25
979,24.839592,121.0098688,36,0,11.54
980,24.8395552,121.009856,36,17.52,7.73
981,24.8395296,121.0098432,36,24.41,3.75
982,24.8395152,121.0098304,35,38.89,2.47
983,24.8394352,121.0096384,34,65.34,6.4
984,24.8394255,121.0095232,35,84.7,14.03
985,24.8394368,121.0094848,37,107.97,4.89
986,24.8394512,121.0094592,38,121.79,0.73
987,24.8394448,121.0094592,38,0,0.85
988,24.8394224,121.0094592,38,0,2.99
989,24.8393872,121.009472,38,341.74,4.95
990,24.8393632,121.0094592,38,25.83,3.56
991,24.839216,121.0093952,38,21.53,21.14
992,24.8389008,121.0091904,38,30.53,48.88
993,24.8386752,121.0089216,38,47.24,66.58
994,24.838448,121.0087424,38,35.59,55.99
995,24.838192,121.0085248,38,37.65,64.78
996,24.837872,121.0082944,38,33.16,76.59
997,24.8375552,121.0080768,38,31.94,74.8
998,24.8372128,121.0078592,38,29.97,79.2
999,24.8368736,121.007616,38,33.05,81.09
1000,24.8365231,121.00736,38,33.54,84.26
1001,24.8361759,121.0071168,38,32.44,82.44
1002,24.8358224,121.006848,38,34.61,86.06
1003,24.835464,121.0066048,38,31.63,84.34
1004,24.8351072,121.006336,38,34.36,86.61
1005,24.8347583,121.00608,38,33.66,83.99
1006,24.8344064,121.005824,38,33.43,84.49
1007,24.8340512,121.0055552,38,34.48,86.34
1008,24.8336928,121.0052736,38,35.49,88.2
1009,24.833336,121.0050176,37,33.07,85.31
1010,24.8329824,121.0047744,37,31.97,83.52
1011,24.832632,121.0045056,37,34.85,85.55
1012,24.8322752,121.0042624,37,31.74,84.07
1013,24.831928,121.0040064,37,33.79,83.71
1014,24.8315759,121.0037504,37,33.42,84.53
1015,24.8312304,121.0034816,37,35.22,84.75
1016,24.8308816,121.0032256,37,33.67,83.98
1017,24.8305231,121.0029696,36,32.95,85.6
1018,24.8301664,121.0027264,35,31.75,84.05
1019,24.8298048,121.0024832,35,31.4,84.89
1020,24.8294432,121.00224,35,31.4,84.89
1021,24.8290784,121.0020096,34,29.82,84.25
1022,24.8287072,121.0017792,34,29.39,85.37
1023,24.8283248,121.0015744,34,25.92,85.2
1024,24.827928,121.0013568,33,26.46,88.81
1025,24.827512,121.0011392,33,25.4,92.27
1026,24.82708,121.0009216,33,24.57,95.18
1027,24.8266336,121.000704,33,23.86,97.81
1028,24.8261776,121.0004992,33,22.18,98.67
1029,24.8257168,121.0003072,32,20.71,98.71
1030,24.825256,121.000128,32,19.44,97.92
1031,24.8247904,120.999936,31,20.52,99.61
1032,24.824328,120.9997696,31,18.09,97.47
1033,24.823864,120.9995776,31,20.58,99.31
1034,24.8233968,120.9994112,31,17.91,98.38
1035,24.8229295,120.999232,31,19.19,99.14
1036,24.822464,120.9990528,31,19.26,98.8
1037,24.8219968,120.9988736,31,19.19,99.13
1038,24.8215296,120.9986944,31,19.19,99.13
1039,24.8210656,120.9985152,31,19.32,98.52
1040,24.8205984,120.9983488,31,17.91,98.39
1041,24.8201328,120.9981568,30,20.52,99.62
1042,24.8196656,120.9979904,30,17.91,98.39
1043,24.819208,120.9977984,31,20.85,98.12
1044,24.8187536,120.9975936,31,22.25,98.37
1045,24.818312,120.9973504,31,26.56,98.92
1046,24.8178832,120.9970816,31,29.64,98.85
1047,24.8174655,120.9967872,31,32.61,99.36
1048,24.8170688,120.99648,30,35.1,97.16
1049,24.816696,120.9961344,30,40.08,97.63
1050,24.8163472,120.9958016,30,40.89,92.46
1051,24.8160192,120.9954432,30,44.76,92.57
1052,24.815712,120.995072,30,47.64,91.36
1053,24.8154144,120.9947008,30,48.55,90.08
1054,24.8151232,120.9943296,29,49.16,89.23
1055,24.8148304,120.9939456,29,49.97,91.21
1056,24.8145408,120.9935744,28,49.32,89.02
1057,24.8142544,120.9931904,28,50.59,90.39
1058,24.813968,120.9928192,28,49.63,88.61
1059,24.813688,120.9924352,27,51.22,89.58
1060,24.8134,120.992064,27,49.48,88.82
1061,24.81312,120.9917056,26,49.28,86
1062,24.8128512,120.99136,26,49.41,82.78
1063,24.8125855,120.9910144,25,49.74,82.37
1064,24.8123328,120.9906816,25,50.09,78.92
1065,24.8120848,120.9903616,24,49.51,76.53
1066,24.8118496,120.9900544,25,49.85,73.09
1067,24.8116224,120.98976,26,49.63,70.28
1068,24.8114144,120.9894528,26,53.28,69.71
1069,24.8112256,120.9891456,27,55.9,67.48
1070,24.8110624,120.988864,28,57.44,60.77
1071,24.810904,120.9885824,28,58.21,60.25
1072,24.8107584,120.9883136,29,59.17,56.93
1073,24.8106192,120.9880576,29,59.08,54.28
1074,24.8104863,120.9877888,29,61.42,55.67
1075,24.8102848,120.9874304,29,58.23,51.12
1076,24.8100896,120.987072,29,59.04,50.68
1077,24.8098944,120.9867264,29,58.11,49.36
1078,24.809696,120.9863552,29,59.51,52.23
1079,24.8094752,120.9859968,28,55.83,52.52
1080,24.8093104,120.9856128,27,64.7,51.5
1081,24.8091568,120.9852544,22,64.73,48.06
1082,24.8089936,120.9848832,21,64.16,50.01
1083,24.8088288,120.9844864,24,65.41,52.91
1084,24.8086607,120.9841152,23,63.49,50.3
1085,24.8084928,120.9837696,24,61.84,47.53
1086,24.8083552,120.9834496,24,64.65,42.94
1087,24.8081888,120.9831296,25,60.19,44.72
1088,24.8080528,120.982848,26,61.98,38.68
1089,24.8079072,120.9826176,27,55.15,34.04
1090,24.8078,120.9824256,27,58.4,27.33
1091,24.8077264,120.9822976,27,57.65,18.37
1092,24.8076991,120.9822592,28,51.93,5.91
1093,24.8076991,120.9822592,28,0,0
1094,24.807688,120.9822592,29,0,1.48
1095,24.8076912,120.9822592,28,180,0.43
1096,24.8076991,120.982272,28,235.79,0.13
1097,24.8077008,120.982272,28,180,0.17
1098,24.8076832,120.9822592,28,33.43,2.82
1099,24.80764,120.9821824,28,58.21,10.96
1100,24.807552,120.9820288,28,57.74,22.02
1101,24.807432,120.9817984,28,60.15,32.21
1102,24.8073008,120.9815552,28,59.28,34.3
1103,24.8071696,120.981312,28,59.28,34.3
1104,24.8070352,120.9810816,29,57.27,33.21
1105,24.8068959,120.9808384,29,57.75,34.87
1106,24.8067568,120.9805952,29,57.79,34.86
1107,24.8066256,120.980352,30,59.28,34.3
1108,24.8064912,120.9801088,30,58.67,34.53
1109,24.8063648,120.9798784,30,58.85,32.64
1110,24.806232,120.9796352,30,58.97,34.41
1111,24.8061024,120.979392,31,59.58,34.2
1112,24.8059696,120.9791616,30,57.59,33.09
1113,24.8058352,120.9789312,31,57.27,33.21
1114,24.805696,120.9787008,30,56.35,33.56
1115,24.805552,120.9784832,30,53.91,32.65
1116,24.8054048,120.9782528,30,54.86,34.16
1117,24.8052655,120.9780352,30,54.81,32.29
1118,24.80512,120.9778048,30,55.17,34.03
1119,24.8049744,120.9775872,30,53.61,32.78
1120,24.8048335,120.9773568,30,56.03,33.69
1121,24.8046912,120.9771392,30,54.23,32.52
1122,24.8045488,120.9769088,30,55.75,33.8
1123,24.8044096,120.9766912,31,54.83,32.28
1124,24.8042656,120.9764736,32,53.91,32.65
1125,24.8041264,120.976256,32,54.83,32.28
1126,24.8039968,120.9760256,29,58.21,32.87
1127,24.8038576,120.9757952,29,56.35,33.56
1128,24.8037376,120.975552,29,61.47,33.57
1129,24.8036176,120.9753472,29,57.16,29.56
1130,24.8034832,120.9751168,29,57.27,33.21
1131,24.8033296,120.9748864,29,53.71,34.66
1132,24.8031952,120.9746688,29,55.77,31.92
1133,24.8030383,120.9744384,30,53.12,34.93
1134,24.8028736,120.9742336,29,48.46,33.18
1135,24.8027328,120.9740032,29,56.05,33.68
1136,24.8025744,120.9737984,29,49.57,32.63
1137,24.8024192,120.9735808,29,51.84,33.56
1138,24.802264,120.973376,30,50.14,32.35
1139,24.8021248,120.9731584,30,54.83,32.28
1140,24.8019919,120.9729408,31,56.07,31.8
1141,24.8018544,120.972736,29,53.51,30.89
1142,24.8017296,120.9725184,29,57.72,31.21
1143,24.8015968,120.9723008,28,56.09,31.8
1144,24.8014768,120.9720832,26,58.72,30.87
1145,24.8013664,120.9718912,25,57.65,27.56
1146,24.8012672,120.971712,24,58.62,25.45
1147,24.801176,120.9715456,24,58.88,23.57
1148,24.801104,120.971392,24,62.69,20.96
1149,24.8010576,120.9712896,27,63.47,13.88
1150,24.8009968,120.9711744,27,59.83,16.16
1151,24.8009312,120.9710976,27,46.74,12.79
1152,24.800896,120.971072,26,33.43,5.63
1153,24.8008864,120.9710592,26,50.44,3.02
1154,24.8008736,120.9710592,26,0,1.28
1155,24.8008304,120.971072,27,344.95,3.59
